{"cameraMode":{"drawMode":0,"name":"Shaded","section":"Shading Mode"},"sceneLighting":true,"audioPlay":false,"sceneViewState":{"m_AlwaysRefresh":false,"showFog":true,"showSkybox":true,"showFlares":true,"showImageEffects":true,"showParticleSystems":true,"showVisualEffectGraphs":true,"m_FxEnabled":true},"in2DMode":false,"pivot":{"x":16.057893753051759,"y":-5.298813343048096,"z":10.6110200881958},"rotation":{"x":0.2318706214427948,"y":0.0023347148671746256,"z":-0.0005576751427724958,"w":0.9727499485015869},"size":37.345489501953128,"orthographic":false}