{"cameraMode":{"drawMode":0,"name":"Shaded","section":"Shading Mode"},"sceneLighting":false,"audioPlay":false,"sceneViewState":{"m_AlwaysRefresh":false,"showFog":true,"showSkybox":false,"showFlares":true,"showImageEffects":true,"showParticleSystems":true,"showVisualEffectGraphs":true,"m_FxEnabled":true},"in2DMode":false,"pivot":{"x":0.4430561661720276,"y":5.168177604675293,"z":1.4595623016357422},"rotation":{"x":0.04497183486819267,"y":0.023973511531949045,"z":-0.00107954116538167,"w":0.9986991286277771},"size":8.23811149597168,"orthographic":false}