{"cameraMode":{"drawMode":0,"name":"Shaded","section":"Shading Mode"},"sceneLighting":false,"audioPlay":false,"sceneViewState":{"m_AlwaysRefresh":false,"showFog":true,"showSkybox":false,"showFlares":true,"showImageEffects":true,"showParticleSystems":true,"showVisualEffectGraphs":true,"m_FxEnabled":true},"in2DMode":false,"pivot":{"x":13.334955215454102,"y":-6.2509989738464359,"z":11.576555252075196},"rotation":{"x":0.13351406157016755,"y":0.38575807213783266,"z":-0.056527405977249148,"w":0.9111359119415283},"size":12.605528831481934,"orthographic":true}