{"cameraMode":{"drawMode":0,"name":"Shaded","section":"Shading Mode"},"sceneLighting":false,"audioPlay":false,"sceneViewState":{"m_AlwaysRefresh":false,"showFog":true,"showSkybox":false,"showFlares":true,"showImageEffects":true,"showParticleSystems":true,"showVisualEffectGraphs":true,"m_FxEnabled":true},"in2DMode":false,"pivot":{"x":-0.6527073383331299,"y":2.8689284324645998,"z":-1.1920928955078126e-7},"rotation":{"x":0.19770772755146027,"y":0.06757776439189911,"z":-0.013663521967828274,"w":0.9778327941894531},"size":3.6613500118255617,"orthographic":false}